roll.no,name,sub1,sub2,su3,total,result
001,Ramu,88,56,67,211,70.33333333333333
002,Raju,55,69,88,212,70.66666666666667
